Version,Metodo,I01_BR,I02_BR,I03_BR,I04_BR,I05_BR,I06_BR,I07_BR,I08_BR,I09_BR,I10_BR,I11_BR,I12_BR,I13_BR,I14_BR,I15_BR,I16_BR,I17_BR,I18_BR,I19_BR,I20_BR,I21_BR,I22_BR,I23_BR,I24_BR,I25_BR,I26_BR
0,LS_BR,0.000292,0.020479,0.0,0.057782,0.012588,0.003036,0.022497,0.123067,0.005185,0.01456,0.117337,0.006171,0.167307,0.100075,0.039022,0.03223,0.030026,0.078343,0.012363,0.017902,0.000101,0.000114,0.040063,0.059224,0.022261,0.017974
