Version,Media,Mediana,Variancia,Desvio padrao,Max val,Min val,% Nan val
0,42.759737964022044,42.76,78.40338660724464,8.854568685556888,88.4,0.0,13.566254202627292
