Version,Media,Mediana,Variancia,Desvio padrao,Max val,Min val,% Nan val
0,39.311810335863576,39.31,82.25750156485816,9.069592138837235,86.3,0.0,5.27191431839451
1,39.311810335863576,39.31,82.25750156485816,9.069592138837235,86.3,0.0,5.27191431839451
2,39.311810335863576,39.31,82.25750156485816,9.069592138837235,86.3,0.0,5.27191431839451
3,39.311810335863576,39.31,82.25750156485816,9.069592138837235,86.3,0.0,5.27191431839451
4,39.311810335863576,39.31,82.25750156485816,9.069592138837235,86.3,0.0,5.27191431839451
5,39.311810335863576,39.31,82.25750156485816,9.069592138837235,86.3,0.0,5.27191431839451
