Version,Metodo,Split,Leaf,Acc,Acc medio,"Tempo (h,min,s)",n_cv
0,DT,320,200,[0.04400804 0.03728434 0.04220312 0.04705224 0.05410045],0.0449296389808775,"(0, 0, 1.32)",5
1,DT,320,200,[0.04400804 0.03728434 0.04220312 0.04705224 0.05410045],0.0449296389808775,"(0, 0, 1.32)",5
2,DT,320,200,[0.04400804 0.03728434 0.04220312 0.04705224 0.05410045],0.0449296389808775,"(0, 0, 1.54)",5
3,DT,320,200,[0.04400804 0.03728434 0.04220312 0.04705224 0.05410045],0.0449296389808775,"(0, 0, 1.31)",5
