Método,Split,Leaf,Acc,Acc médio,"Tempo (h,min,s)"
DT,320,200,[0.06478865 0.04506412 0.06406893 0.04111645 0.04296785],0.0516011992625919,"(0, 0, 1.58)"
