Método,Alfa,Acc,Acc médio,"Tempo (h,min,s)"
LS,0.005,[0.09610332 0.06617624 0.0772866  0.06756247 0.06997343],0.07542041290158803,"(0, 0, 1.81)"
