Version,Método,Alfa,Acc,Acc médio,"Tempo (h,min,s)",n_cv
0,LS,0.005,[0.09610332 0.06617624 0.0772866  0.06756247 0.06997343],0.07542041290158807,"(0, 0, 0.66)",5
