Version,Metodo,Alfa,Acc,Acc medio,"Tempo (h,min,s)",n_cv
0,LS,0.005,[0.04401602 0.05275779 0.05580833 0.05379837 0.05566794],0.05240969093493912,"(0, 0, 0.45)",5
1,LS,0.005,[0.04401602 0.05275779 0.05580833 0.05379837 0.05566794],0.05240969093493912,"(0, 0, 0.41)",5
2,LS,0.005,[0.04401602 0.05275779 0.05580833 0.05379837 0.05566794],0.05240969093493912,"(0, 0, 0.87)",5
3,LS,0.005,[0.04401602 0.05275779 0.05580833 0.05379837 0.05566794],0.05240969093493912,"(0, 0, 1.58)",5
4,LS,0.005,"[0.04880996 0.04181004 0.06003427 0.04483402 0.05817945 0.05077586
 0.03437593 0.07101354 0.05941425 0.05180427]",0.05210515926601748,"(0, 0, 1.64)",10
