Método,N_tree,Split,Leaf,Acc,Acc médio,"Tempo (h,min,s)"
RF,1000,40,20,[0.10346796 0.08424088 0.10125754 0.08323266 0.08400985],0.09124177799691784,"(0, 15, 29.39)"
