Version,Método,N_tree,Split,Leaf,Acc,Acc médio,"Tempo (h,min,s)",n_cv
0,RF,1000,40,20,[0.10346761 0.08423578 0.10125748 0.08322944 0.08401184],0.09124042891971347,"(0, 8, 46.78)",5
